fid,OBJECTID,STATEFP,COUNTYFP,TRACTCE,GEOID,NAME,NAMELSAD,MTFCC,FUNCSTAT,ALAND,AWATER,INTPTLAT,INTPTLON,Shape_Leng,Shape_Area,GEOID_Data,Cases
1,2066,12,031,014002,12031014002,140.02,Census Tract 140.02,G5020,S,3428380,700092,+30.3182098,-081.4248919,0.087841564517016,0.000387209765625,14000US12031014002,0
2,2067,12,031,002101,12031002101,21.01,Census Tract 21.01,G5020,S,1613107,0,+30.3094236,-081.7028216,0.052739307756051,0.000151281895313,14000US12031002101,798
3,2068,12,031,014412,12031014412,144.12,Census Tract 144.12,G5020,S,136885141,801903,+30.1745516,-081.4740190,0.497070950429377,0.012895537383794,14000US12031014412,268
4,2069,12,031,015502,12031015502,155.02,Census Tract 155.02,G5020,S,2393499,13124,+30.3215346,-081.5713656,0.072748025028593,0.000225727863735,14000US12031015502,2375
5,2070,12,031,016729,12031016729,167.29,Census Tract 167.29,G5020,S,2865054,168846,+30.1734544,-081.5898972,0.072995720002196,0.000284145734946,14000US12031016729,1021
6,1299,12,031,011100,12031011100,111,Census Tract 111,G5020,S,2813825,862717,+30.3937751,-081.6708858,0.087461568883674,0.000345087689401,14000US12031011100,2946
7,2071,12,031,014408,12031014408,144.08,Census Tract 144.08,G5020,S,3953513,1411771,+30.2757590,-081.4293293,0.098116525286935,0.00050298722779,14000US12031014408,501
8,1300,12,031,011200,12031011200,112,Census Tract 112,G5020,S,2073670,354189,+30.3898594,-081.6933907,0.078331501141286,0.000227877616635,14000US12031011200,1717
9,2072,12,031,017300,12031017300,173,Census Tract 173,G5020,S,282365593,1088060,+30.2737719,-081.9400913,0.782403419275262,0.026570134224789,14000US12031017300,383
10,1301,12,031,011300,12031011300,113,Census Tract 113,G5020,S,2536930,87785,+30.3921062,-081.7081201,0.072339432030557,0.000246354270484,14000US12031011300,2869
11,1302,12,031,011400,12031011400,114,Census Tract 114,G5020,S,2375043,3834,+30.3790818,-081.7120424,0.076242369149501,0.000223255967512,14000US12031011400,1878
12,1303,12,031,011500,12031011500,115,Census Tract 115,G5020,S,4069503,30595,+30.3749094,-081.6868637,0.08221066398441,0.000384782467021,14000US12031011500,5611
13,1305,12,031,011600,12031011600,116,Census Tract 116,G5020,S,4021161,9843,+30.3716220,-081.7127733,0.099398956809932,0.000378267276122,14000US12031011600,3404
14,1306,12,031,011700,12031011700,117,Census Tract 117,G5020,S,17703594,414488,+30.3544955,-081.7686444,0.220993672152008,0.001699984935097,14000US12031011700,2029
15,1307,12,031,011800,12031011800,118,Census Tract 118,G5020,S,11218681,821,+30.3389167,-081.7416890,0.144128059249248,0.001052505415478,14000US12031011800,3199
16,1308,12,031,011901,12031011901,119.01,Census Tract 119.01,G5020,S,24184909,438546,+30.3261455,-081.8088076,0.256828254826601,0.002309651390983,14000US12031011901,1861
17,1309,12,031,011902,12031011902,119.02,Census Tract 119.02,G5020,S,11742013,45496,+30.2896406,-081.8241408,0.168654664856903,0.001105282440891,14000US12031011902,1269
18,1311,12,031,011903,12031011903,119.03,Census Tract 119.03,G5020,S,7119251,232086,+30.3081835,-081.8125858,0.167039664882382,0.000689416610146,14000US12031011903,729
19,1312,12,031,012100,12031012100,121,Census Tract 121,G5020,S,7401492,6126,+30.3195950,-081.7404135,0.165986969905504,0.000694779857617,14000US12031012100,2076
20,1313,12,031,012200,12031012200,122,Census Tract 122,G5020,S,5101546,52105,+30.2981396,-081.7416891,0.096475289715812,0.000483268387134,14000US12031012200,2878
21,1314,12,031,012400,12031012400,124,Census Tract 124,G5020,S,2227328,457651,+30.2750716,-081.7279137,0.0685839423854,0.00025172110869,14000US12031012400,1258
22,1315,12,031,012500,12031012500,125,Census Tract 125,G5020,S,2498539,154816,+30.2715136,-081.7409763,0.075582313183257,0.000248745577854,14000US12031012500,1315
23,1316,12,031,012601,12031012601,126.01,Census Tract 126.01,G5020,S,2869939,25685,+30.2929567,-081.7604717,0.073183904489956,0.000271517206668,14000US12031012601,709
24,3631,12,031,014336,12031014336,143.36,Census Tract 143.36,G5020,S,4455535,0,+30.3304380,-081.4810918,0.083339061675281,0.000417941787545,14000US12031014336,458
25,3632,12,031,014337,12031014337,143.37,Census Tract 143.37,G5020,S,6529799,7802,+30.3104430,-081.5027941,0.108897109851774,0.000613135925842,14000US12031014337,789
26,1321,12,031,012602,12031012602,126.02,Census Tract 126.02,G5020,S,4664842,56262,+30.2802229,-081.7572772,0.100941374021555,0.000442629608776,14000US12031012602,2271
27,1322,12,031,012702,12031012702,127.02,Census Tract 127.02,G5020,S,12819550,140438,+30.2698740,-081.8007012,0.179025581511419,0.00121493208293,14000US12031012702,2468
28,1323,12,031,012800,12031012800,128,Census Tract 128,G5020,S,4994443,98944,+30.2580595,-081.7628083,0.093868923511979,0.000477431745711,14000US12031012800,2693
29,1324,12,031,012900,12031012900,129,Census Tract 129,G5020,S,1618483,0,+30.2589117,-081.7473951,0.064375117991354,0.000151709771305,14000US12031012900,970
30,1327,12,031,013000,12031013000,130,Census Tract 130,G5020,S,2644345,6406728,+30.2644489,-081.6994344,0.17186707086015,0.000848454763148,14000US12031013000,100
31,1328,12,031,013100,12031013100,131,Census Tract 131,G5020,S,3831430,4122547,+30.2486237,-081.6879314,0.154156138905824,0.000745481203192,14000US12031013100,503
32,1329,12,031,013200,12031013200,132,Census Tract 132,G5020,S,14427426,8746079,+30.2221088,-081.6691279,0.190956517263031,0.002171340154681,14000US12031013200,138
33,1330,12,031,013300,12031013300,133,Census Tract 133,G5020,S,8245156,333369,+30.2095811,-081.7118822,0.15401735532369,0.000803727343714,14000US12031013300,974
34,3643,12,031,014338,12031014338,143.38,Census Tract 143.38,G5020,S,2164217,14561,+30.3105301,-081.5214843,0.069674531102127,0.000204336691811,14000US12031014338,1178
35,3644,12,031,002102,12031002102,21.02,Census Tract 21.02,G5020,S,957055,2621655,+30.3019349,-081.6959386,0.081830560294613,0.000335583313997,14000US12031002102,218
36,3645,12,031,002501,12031002501,25.01,Census Tract 25.01,G5020,S,1691046,0,+30.3158643,-081.7085969,0.058738715750843,0.000158601946161,14000US12031002501,2160
37,3646,12,031,002502,12031002502,25.02,Census Tract 25.02,G5020,S,2062620,0,+30.3132677,-081.7226262,0.06509639338718,0.00019344650668,14000US12031002502,1674
38,3647,12,031,010401,12031010401,104.01,Census Tract 104.01,G5020,S,2114605,728329,+30.4228579,-081.6833000,0.080277956280597,0.000266924791254,14000US12031010401,928
39,1335,12,031,001300,12031001300,13,Census Tract 13,G5020,S,2280488,0,+30.3585493,-081.6576284,0.074366420989212,0.000213976856507,14000US12031001300,4462
40,4162,12,031,014409,12031014409,144.09,Census Tract 144.09,G5020,S,7167746,106358,+30.2732074,-081.4739770,0.117399695881644,0.000681947231784,14000US12031014409,106
41,1336,12,031,001400,12031001400,14,Census Tract 14,G5020,S,4817702,226685,+30.3752097,-081.6656409,0.109401477375797,0.000473387414552,14000US12031001400,5080
42,4163,12,031,014413,12031014413,144.13,Census Tract 144.13,G5020,S,11943445,311357,+30.1744730,-081.5357813,0.177837358404198,0.001147832776392,14000US12031014413,626
43,1337,12,031,001500,12031001500,15,Census Tract 15,G5020,S,1930545,0,+30.3561218,-081.6707568,0.072142867473612,0.00018113720857,14000US12031001500,7441
44,4164,12,031,014411,12031014411,144.11,Census Tract 144.11,G5020,S,8026011,69184,+30.1991011,-081.5303521,0.141739750667599,0.000758404947045,14000US12031014411,92
45,1338,12,031,001600,12031001600,16,Census Tract 16,G5020,S,1253797,0,+30.3447181,-081.6678811,0.056756970666795,0.000117626564063,14000US12031001600,1840
46,4165,12,031,014603,12031014603,146.03,Census Tract 146.03,G5020,S,5674012,124290,+30.3445240,-081.5352820,0.118186142547866,0.000543973129465,14000US12031014603,1037
47,1339,12,031,001200,12031001200,12,Census Tract 12,G5020,S,1386533,0,+30.3471021,-081.6533750,0.053215253831731,0.000130082113081,14000US12031001200,2765
48,4166,12,031,014604,12031014604,146.04,Census Tract 146.04,G5020,S,5410688,118838,+30.3317411,-081.5459584,0.102810363363946,0.000518691274368,14000US12031014604,377
49,1340,12,031,013402,12031013402,134.02,Census Tract 134.02,G5020,S,4496805,239002,+30.2379183,-081.7270959,0.092383962582345,0.000443834458003,14000US12031013402,2077
50,4167,12,031,015925,12031015925,159.25,Census Tract 159.25,G5020,S,1378621,101903,+30.2280675,-081.5554795,0.052660460907785,0.000138734204181,14000US12031015925,163
51,1341,12,031,013503,12031013503,135.03,Census Tract 135.03,G5020,S,8962032,182328,+30.2119413,-081.7620345,0.239839828385369,0.000856752995354,14000US12031013503,2061
52,4168,12,031,015926,12031015926,159.26,Census Tract 159.26,G5020,S,7763756,263773,+30.2420638,-081.5689853,0.1238500889874,0.000752320437747,14000US12031015926,106
53,1342,12,031,013521,12031013521,135.21,Census Tract 135.21,G5020,S,11151164,62696,+30.2226552,-081.7489972,0.135890702566858,0.001050781927263,14000US12031013521,1889
54,1343,12,031,013522,12031013522,135.22,Census Tract 135.22,G5020,S,7087735,197956,+30.2203042,-081.7261858,0.126121013321283,0.000682664856821,14000US12031013522,606
55,1344,12,031,013721,12031013721,137.21,Census Tract 137.21,G5020,S,29086525,136162,+30.2690004,-081.8511648,0.289592610515163,0.002739523099827,14000US12031013721,950
56,3143,12,031,010500,12031010500,105,Census Tract 105,G5020,S,90544999,1506546,+30.4644143,-081.7679652,0.39353330080144,0.008645847704283,14000US12031010500,2996
57,3144,12,031,016200,12031016200,162,Census Tract 162,G5020,S,2484223,11697,+30.2761195,-081.6236125,0.070588423334055,0.00023400120047,14000US12031016200,1118
58,1088,12,031,015200,12031015200,152,Census Tract 152,G5020,S,1298949,68683,+30.3465716,-081.5965045,0.048053561013286,0.00012830860939,14000US12031015200,1222
59,3145,12,031,010101,12031010101,101.01,Census Tract 101.01,G5020,S,26314505,153417,+30.5070846,-081.5979896,0.229983880490701,0.002487055100738,14000US12031010101,1247
60,1089,12,031,010301,12031010301,103.01,Census Tract 103.01,G5020,S,131483019,2178919,+30.5303592,-081.6816429,0.654902700375209,0.012561609224069,14000US12031010301,567
61,3146,12,031,014601,12031014601,146.01,Census Tract 146.01,G5020,S,11223661,16225323,+30.3809604,-081.5471209,0.321954760381766,0.002576056578878,14000US12031014601,455
62,3147,12,031,012000,12031012000,120,Census Tract 120,G5020,S,5292010,5554,+30.3102335,-081.7666953,0.096524337814219,0.000496808249838,14000US12031012000,1586
63,1091,12,031,000100,12031000100,1,Census Tract 1,G5020,S,5320295,2090036,+30.3804190,-081.6433674,0.112572359279287,0.000695456045397,14000US12031000100,5078
64,3148,12,031,013502,12031013502,135.02,Census Tract 135.02,G5020,S,4331585,35631,+30.2173425,-081.7776864,0.103895452370168,0.00040921936466,14000US12031013502,770
65,1349,12,031,002200,12031002200,22,Census Tract 22,G5020,S,2841117,1863407,+30.2929776,-081.7059131,0.099892480697328,0.000441126878245,14000US12031002200,615
66,1092,12,031,014101,12031014101,141.01,Census Tract 141.01,G5020,S,3756799,727793,+30.2971204,-081.4125149,0.081794351208012,0.000420530215599,14000US12031014101,0
67,3149,12,031,014312,12031014312,143.12,Census Tract 143.12,G5020,S,5755026,55638,+30.2910144,-081.5120863,0.103151714210109,0.000544859911364,14000US12031014312,1250
68,1350,12,031,002300,12031002300,23,Census Tract 23,G5020,S,1509960,649844,+30.2826914,-081.7145385,0.065021205419929,0.000202500257704,14000US12031002300,315
69,3150,12,031,010102,12031010102,101.02,Census Tract 101.02,G5020,S,99685556,16446413,+30.4812475,-081.5061572,0.666602010926581,0.010912657829159,14000US12031010102,854
70,1351,12,031,013723,12031013723,137.23,Census Tract 137.23,G5020,S,24772445,117211,+30.2166546,-081.8282401,0.238659850583414,0.002332083674964,14000US12031013723,724
71,1352,12,031,013800,12031013800,138,Census Tract 138,G5020,S,10045245,4668381,+30.3845555,-081.4178260,0.189659569000736,0.001380937353146,14000US12031013800,255
72,1353,12,031,013901,12031013901,139.01,Census Tract 139.01,G5020,S,5953464,2130574,+30.3550467,-081.4313603,0.146689057735053,0.0007584974432,14000US12031013901,656
73,1354,12,031,013902,12031013902,139.02,Census Tract 139.02,G5020,S,4045023,573235,+30.3330513,-081.4228841,0.098216281650375,0.000433209765691,14000US12031013902,21
74,1360,12,031,013904,12031013904,139.04,Census Tract 139.04,G5020,S,2153830,61259,+30.3644818,-081.4179801,0.070155900096135,0.000207846815219,14000US12031013904,833
75,1361,12,031,014202,12031014202,142.02,Census Tract 142.02,G5020,S,1650917,705111,+30.2812545,-081.3897644,0.060233908014842,0.000220892423389,14000US12031014202,0
76,1362,12,031,014311,12031014311,143.11,Census Tract 143.11,G5020,S,6126033,43638,+30.3004582,-081.5339825,0.106871090128461,0.000578592139041,14000US12031014311,2331
77,2650,12,031,016604,12031016604,166.04,Census Tract 166.04,G5020,S,2800609,166865,+30.2395921,-081.6182015,0.082471312467438,0.000278099755987,14000US12031016604,749
78,2651,12,031,014331,12031014331,143.31,Census Tract 143.31,G5020,S,3243685,59055,+30.2986914,-081.4501939,0.06945736919533,0.000309696846291,14000US12031014331,322
79,2652,12,031,015802,12031015802,158.02,Census Tract 158.02,G5020,S,3710760,139052,+30.3063900,-081.5638810,0.099351826412334,0.000361024452541,14000US12031015802,1325
80,2653,12,031,013906,12031013906,139.06,Census Tract 139.06,G5020,S,4985655,283434,+30.3511628,-081.4069546,0.138700521582356,0.000494365174063,14000US12031013906,90
81,4208,12,031,016603,12031016603,166.03,Census Tract 166.03,G5020,S,2295116,89430,+30.2233874,-081.6038077,0.07339575782367,0.000223439916931,14000US12031016603,493
82,4209,12,031,016724,12031016724,167.24,Census Tract 167.24,G5020,S,2548900,80609,+30.2134826,-081.6102038,0.078167120684253,0.000246366127147,14000US12031016724,420
83,1383,12,031,014326,12031014326,143.26,Census Tract 143.26,G5020,S,9435212,70378,+30.2966255,-081.4749252,0.127118098546092,0.000891404259439,14000US12031014326,398
84,4210,12,031,016725,12031016725,167.25,Census Tract 167.25,G5020,S,7782935,41064,+30.2027914,-081.5671073,0.139231091628135,0.000733006434237,14000US12031016725,375
85,1384,12,031,014328,12031014328,143.28,Census Tract 143.28,G5020,S,12760230,94441,+30.3398424,-081.5074500,0.139640534815464,0.001205930759149,14000US12031014328,844
86,4211,12,031,016726,12031016726,167.26,Census Tract 167.26,G5020,S,2356258,96638,+30.1916270,-081.6188590,0.070045492048216,0.000229768347002,14000US12031016726,512
87,1385,12,031,014401,12031014401,144.01,Census Tract 144.01,G5020,S,13864394,315020,+30.2693599,-081.5316673,0.145409799858546,0.001329243475039,14000US12031014401,3097
88,4212,12,031,016727,12031016727,167.27,Census Tract 167.27,G5020,S,2432349,35046,+30.1809574,-081.6161331,0.073518680089077,0.000231098195744,14000US12031016727,412
89,4213,12,031,016728,12031016728,167.28,Census Tract 167.28,G5020,S,7400325,146738,+30.1815254,-081.5736403,0.142262999319643,0.000706881449275,14000US12031016728,868
90,1903,12,031,016808,12031016808,168.08,Census Tract 168.08,G5020,S,1955288,117194,+30.1702766,-081.6230968,0.074670160159628,0.000194093951382,14000US12031016808,540
91,1904,12,031,015501,12031015501,155.01,Census Tract 155.01,G5020,S,2442471,248654,+30.3209312,-081.5851258,0.089117899708785,0.000252407855811,14000US12031015501,1874
92,1905,12,031,015801,12031015801,158.01,Census Tract 158.01,G5020,S,5309660,493438,+30.2975978,-081.5824574,0.107750580437447,0.000544183559814,14000US12031015801,1759
93,1906,12,031,015923,12031015923,159.23,Census Tract 159.23,G5020,S,8411022,233359,+30.2583558,-081.5682563,0.125897767367061,0.000810344620019,14000US12031015923,866
94,1907,12,031,017100,12031017100,171,Census Tract 171,G5020,S,3382094,4416190,+30.3125843,-081.6774118,0.119093309292309,0.000731355978506,14000US12031017100,2499
95,1136,12,031,000600,12031000600,6,Census Tract 6,G5020,S,4350127,662997,+30.3028846,-081.6373406,0.102014031035943,0.000470119475565,14000US12031000600,2044
96,1137,12,031,001000,12031001000,10,Census Tract 10,G5020,S,1174471,10077,+30.3316498,-081.6517170,0.058862928037468,0.000111115942984,14000US12031001000,589
97,1138,12,031,001100,12031001100,11,Census Tract 11,G5020,S,1051062,3518,+30.3395855,-081.6522836,0.045059572820234,9.8932058848e-05,14000US12031001100,2498
98,1139,12,031,000700,12031000700,7,Census Tract 7,G5020,S,3158700,1457729,+30.2870913,-081.6578323,0.107004311685579,0.000432882477268,14000US12031000700,983
99,1140,12,031,000800,12031000800,8,Census Tract 8,G5020,S,1984546,1346475,+30.3133055,-081.6576334,0.081343616927791,0.000312406390871,14000US12031000800,521
100,384,12,031,990000,12031990000,9900,Census Tract 9900,G5020,S,0,161715554,+30.3790534,-081.3635855,0.662363061247339,0.015176782738845,14000US12031990000,0
101,4241,12,031,012703,12031012703,127.03,Census Tract 127.03,G5020,S,4552421,56801,+30.2818214,-081.7773106,0.09453677842294,0.000432143324334,14000US12031012703,1587
102,4242,12,031,013726,12031013726,137.26,Census Tract 137.26,G5020,S,12301605,70456,+30.2145007,-081.7999733,0.176801628181747,0.001159191470954,14000US12031013726,1451
103,4243,12,031,014001,12031014001,140.01,Census Tract 140.01,G5020,S,2610765,835990,+30.3109430,-081.4026595,0.072177986670301,0.000323268116604,14000US12031014001,0
104,4244,12,031,014332,12031014332,143.32,Census Tract 143.32,G5020,S,7046419,1446993,+30.3088335,-081.4353483,0.132333104491329,0.000796516778381,14000US12031014332,605
105,4245,12,031,016807,12031016807,168.07,Census Tract 168.07,G5020,S,2409942,36265,+30.1647831,-081.6152910,0.071563895354209,0.000229081054889,14000US12031016807,720
106,2459,12,031,014410,12031014410,144.10,Census Tract 144.10,G5020,S,9230980,161997,+30.2683249,-081.4499542,0.120176706726665,0.000880551492345,14000US12031014410,319
107,2722,12,031,015924,12031015924,159.24,Census Tract 159.24,G5020,S,5719481,76732,+30.2708678,-081.5853389,0.125652367436136,0.000543381377769,14000US12031015924,989
108,3494,12,031,013404,12031013404,134.04,Census Tract 134.04,G5020,S,1908972,257790,+30.2526243,-081.7197720,0.065848432766192,0.000203088682406,14000US12031013404,462
109,3495,12,031,017400,12031017400,174,Census Tract 174,G5020,S,5472193,3338032,+30.3326460,-081.6337130,0.115528550096566,0.000826433539895,14000US12031017400,6580
110,2725,12,031,017200,12031017200,172,Census Tract 172,G5020,S,3289017,461710,+30.3303596,-081.6639688,0.107443124396987,0.000351827205373,14000US12031017200,1503
111,3496,12,031,013727,12031013727,137.27,Census Tract 137.27,G5020,S,6602389,138916,+30.1949026,-081.7916264,0.152381837180275,0.000631500963799,14000US12031013727,1148
112,2726,12,031,010402,12031010402,104.02,Census Tract 104.02,G5020,S,6798762,1413225,+30.4183421,-081.6626237,0.124752470681215,0.000770955211197,14000US12031010402,2146
113,3497,12,031,013905,12031013905,139.05,Census Tract 139.05,G5020,S,2816005,2824699,+30.3524520,-081.3979960,0.139203869465705,0.000529216067591,14000US12031013905,0
114,2727,12,031,012704,12031012704,127.04,Census Tract 127.04,G5020,S,2996517,86237,+30.2569480,-081.7779581,0.086147890331398,0.00028896731526,14000US12031012704,1889
115,3498,12,031,014203,12031014203,142.03,Census Tract 142.03,G5020,S,4143318,1324126,+30.2580307,-081.3906783,0.146640781240675,0.000512500473502,14000US12031014203,0
116,2728,12,031,013403,12031013403,134.03,Census Tract 134.03,G5020,S,2310123,532434,+30.2588304,-081.7335148,0.086306471225821,0.000266447300735,14000US12031013403,434
117,3500,12,031,014204,12031014204,142.04,Census Tract 142.04,G5020,S,7144831,1376953,+30.2698181,-081.4098762,0.122263300217986,0.00079889922753,14000US12031014204,0
118,3248,12,031,014404,12031014404,144.04,Census Tract 144.04,G5020,S,13895520,328801,+30.2759928,-081.5152920,0.160637475616982,0.001333462554291,14000US12031014404,636
119,3249,12,031,014406,12031014406,144.06,Census Tract 144.06,G5020,S,13477532,598061,+30.2296727,-081.5306340,0.144583471003378,0.001319048898193,14000US12031014406,309
120,3250,12,031,014500,12031014500,145,Census Tract 145,G5020,S,6581213,143551,+30.2999082,-081.5532145,0.11035651848271,0.000630633432293,14000US12031014500,1756
121,3251,12,031,014701,12031014701,147.01,Census Tract 147.01,G5020,S,4724919,6533849,+30.3847867,-081.6079926,0.155002090589982,0.001056677057126,14000US12031014701,710
122,3258,12,031,014702,12031014702,147.02,Census Tract 147.02,G5020,S,2283885,1453686,+30.3816272,-081.5830561,0.08137050770134,0.000350760241798,14000US12031014702,640
123,1203,12,031,000200,12031000200,2,Census Tract 2,G5020,S,3654699,1179942,+30.3622768,-081.6300390,0.102653386725939,0.00045364778319,14000US12031000200,4482
124,3259,12,031,014800,12031014800,148,Census Tract 148,G5020,S,3008958,800681,+30.3556081,-081.6086069,0.092094959497634,0.000357457595807,14000US12031014800,926
125,1204,12,031,000300,12031000300,3,Census Tract 3,G5020,S,2921670,716398,+30.3503330,-081.6311550,0.099385865615806,0.000341330069154,14000US12031000300,4797
126,3260,12,031,014901,12031014901,149.01,Census Tract 149.01,G5020,S,3266703,19595,+30.3611074,-081.5815210,0.072508139464645,0.000308353548663,14000US12031014901,2056
127,3261,12,031,014902,12031014902,149.02,Census Tract 149.02,G5020,S,3468318,74569,+30.3571138,-081.5679002,0.075962917249676,0.000332428074369,14000US12031014902,1057
128,3262,12,031,015001,12031015001,150.01,Census Tract 150.01,G5020,S,4141144,142389,+30.3450270,-081.5651031,0.089397945768435,0.000401864596233,14000US12031015001,1338
129,3263,12,031,015002,12031015002,150.02,Census Tract 150.02,G5020,S,2413769,3020,+30.3278595,-081.5667233,0.065226830957563,0.000226705110526,14000US12031015002,1033
130,3264,12,031,015300,12031015300,153,Census Tract 153,G5020,S,1694868,843375,+30.3360928,-081.6094548,0.063497531963542,0.000238107439646,14000US12031015300,1177
131,3265,12,031,015400,12031015400,154,Census Tract 154,G5020,S,2163718,0,+30.3346297,-081.5959038,0.060737106954175,0.000202971022074,14000US12031015400,1730
132,3273,12,031,015600,12031015600,156,Census Tract 156,G5020,S,3175160,2102146,+30.3126940,-081.6175280,0.101196222066765,0.000494961303844,14000US12031015600,545
133,3274,12,031,015700,12031015700,157,Census Tract 157,G5020,S,4838833,318405,+30.3022282,-081.6057970,0.107549067862078,0.000483625685524,14000US12031015700,1533
134,3278,12,031,015922,12031015922,159.22,Census Tract 159.22,G5020,S,3787406,156889,+30.2097212,-081.5593938,0.111308931632201,0.000369532170632,14000US12031015922,198
135,3279,12,031,016000,12031016000,160,Census Tract 160,G5020,S,4846577,56872,+30.2723690,-081.5996800,0.107366386265427,0.00045969232231,14000US12031016000,1624
136,3280,12,031,016100,12031016100,161,Census Tract 161,G5020,S,5234006,780,+30.2886362,-081.6123687,0.10224513423013,0.000490822595624,14000US12031016100,3153
137,3281,12,031,016300,12031016300,163,Census Tract 163,G5020,S,3655524,65982,+30.2716069,-081.6326543,0.080845112013547,0.000348883966961,14000US12031016300,1517
138,3282,12,031,016400,12031016400,164,Census Tract 164,G5020,S,4444994,7178776,+30.2807919,-081.6615816,0.150499771207591,0.001089746246104,14000US12031016400,1297
139,3293,12,031,002400,12031002400,24,Census Tract 24,G5020,S,1896106,1179939,+30.2734733,-081.7051903,0.091044832956682,0.000288378594984,14000US12031002400,127
140,3294,12,031,002600,12031002600,26,Census Tract 26,G5020,S,4478357,62213,+30.3272925,-081.6933183,0.10424267443793,0.000425904405591,14000US12031002600,5826
141,3295,12,031,002701,12031002701,27.01,Census Tract 27.01,G5020,S,4552204,4180,+30.3450251,-081.7086597,0.108456782285405,0.000427465222424,14000US12031002701,4623
142,3296,12,031,002702,12031002702,27.02,Census Tract 27.02,G5020,S,2141301,0,+30.3356969,-081.7139135,0.074624507090571,0.000200870220856,14000US12031002702,4131
143,3297,12,031,016500,12031016500,165,Census Tract 165,G5020,S,4847652,9466870,+30.2475901,-081.6375433,0.162264554867267,0.001341546988395,14000US12031016500,793
144,3298,12,031,016601,12031016601,166.01,Census Tract 166.01,G5020,S,10771559,217842,+30.2519335,-081.6085062,0.159038160571553,0.0010299415404,14000US12031016601,1055
145,3299,12,031,016711,12031016711,167.11,Census Tract 167.11,G5020,S,4896198,11113085,+30.2028268,-081.6407906,0.168649349396169,0.001499751355395,14000US12031016711,493
146,3306,12,031,002801,12031002801,28.01,Census Tract 28.01,G5020,S,3657455,3716,+30.3574422,-081.6984469,0.111397019408568,0.00034352055667,14000US12031002801,5490
147,3307,12,031,002802,12031002802,28.02,Census Tract 28.02,G5020,S,2255624,0,+30.3436023,-081.6898066,0.080604384575959,0.000211611386283,14000US12031002802,5443
148,3564,12,031,014329,12031014329,143.29,Census Tract 143.29,G5020,S,3013885,205390,+30.3350713,-081.4632406,0.112149340874197,0.000301987368299,14000US12031014329,705
149,3308,12,031,002902,12031002902,29.02,Census Tract 29.02,G5020,S,1442148,0,+30.3476218,-081.6807696,0.053279004081601,0.000135300505724,14000US12031002902,7235
150,3565,12,031,014330,12031014330,143.30,Census Tract 143.30,G5020,S,15498312,4309378,+30.3600838,-081.4623792,0.248912453826324,0.00185857522344,14000US12031014330,460
151,3309,12,031,010202,12031010202,102.02,Census Tract 102.02,G5020,S,18603432,5111442,+30.4203345,-081.6257771,0.189053832629912,0.002226496361632,14000US12031010202,661
152,3566,12,031,014333,12031014333,143.33,Census Tract 143.33,G5020,S,2348050,60400,+30.3650687,-081.5091526,0.070451615237002,0.000226004783039,14000US12031014333,325
153,3310,12,031,010303,12031010303,103.03,Census Tract 103.03,G5020,S,9358401,54944,+30.4453923,-081.6841786,0.118978339349372,0.000884021782277,14000US12031010303,1157
154,3311,12,031,010304,12031010304,103.04,Census Tract 103.04,G5020,S,9238310,452956,+30.4428198,-081.6561549,0.120120626581762,0.000910115177263,14000US12031010304,947
155,3312,12,031,016722,12031016722,167.22,Census Tract 167.22,G5020,S,6848917,291003,+30.1950210,-081.6038420,0.115292663382935,0.000668854616458,14000US12031016722,1006
156,3313,12,031,016801,12031016801,168.01,Census Tract 168.01,G5020,S,3539955,2392551,+30.1762636,-081.6403200,0.096219832167676,0.000555630944362,14000US12031016801,270
157,3570,12,031,014334,12031014334,143.34,Census Tract 143.34,G5020,S,3377088,127645,+30.3686007,-081.4952613,0.077869666829195,0.000328879289647,14000US12031014334,467
158,3571,12,031,014335,12031014335,143.35,Census Tract 143.35,G5020,S,5703050,183203,+30.3491975,-081.4741470,0.098148413073771,0.000552248964939,14000US12031014335,616
159,1260,12,031,010700,12031010700,107,Census Tract 107,G5020,S,7271721,209376,+30.3957427,-081.7352594,0.13499376473081,0.000702213504745,14000US12031010700,5064
160,1261,12,031,010800,12031010800,108,Census Tract 108,G5020,S,3172790,0,+30.4100947,-081.7237200,0.079710206710006,0.000297854014519,14000US12031010800,3190
161,1004,12,031,012300,12031012300,123,Census Tract 123,G5020,S,2680546,0,+30.2949463,-081.7252802,0.077079777515645,0.000251353456658,14000US12031012300,1587
162,1005,12,031,014102,12031014102,141.02,Census Tract 141.02,G5020,S,2297526,908011,+30.2978292,-081.3943189,0.069619573056142,0.000300590349867,14000US12031014102,0
163,1006,12,031,010600,12031010600,106,Census Tract 106,G5020,S,159127775,1155556,+30.3823010,-081.8272828,0.562210119234514,0.015043561479349,14000US12031010600,1806
164,1007,12,031,002901,12031002901,29.01,Census Tract 29.01,G5020,S,1661241,0,+30.3603409,-081.6826576,0.053555238417031,0.000155876149022,14000US12031002901,7069
165,1008,12,031,015100,12031015100,151,Census Tract 151,G5020,S,2274948,9814,+30.3418347,-081.5838052,0.071662959835244,0.000214339297384,14000US12031015100,2055
166,1009,12,031,013504,12031013504,135.04,Census Tract 135.04,G5020,S,3447289,32607,+30.2398284,-081.7846793,0.076702656974457,0.000326131062686,14000US12031013504,2332
167,1010,12,031,010201,12031010201,102.01,Census Tract 102.01,G5020,S,19273749,1667992,+30.4614289,-081.6085525,0.274013726676175,0.001966801751699,14000US12031010201,2679
168,1011,12,031,010103,12031010103,101.03,Census Tract 101.03,G5020,S,115180661,47709755,+30.4466749,-081.4862632,0.753904993508883,0.01529588148616,14000US12031010103,793
169,1273,12,031,010900,12031010900,109,Census Tract 109,G5020,S,5144412,384201,+30.4017628,-081.7134028,0.134747911644549,0.000518981397953,14000US12031010900,2505
170,1274,12,031,011000,12031011000,110,Census Tract 110,G5020,S,3947745,805706,+30.4096454,-081.6861334,0.088538945734197,0.000446236119556,14000US12031011000,5863
171,1275,12,031,016803,12031016803,168.03,Census Tract 168.03,G5020,S,9385490,1053865,+30.1457171,-081.6161818,0.128126567262802,0.000977442099835,14000US12031016803,803
172,1276,12,031,016804,12031016804,168.04,Census Tract 168.04,G5020,S,12494058,21117541,+30.1562726,-081.6615509,0.225733198434951,0.003147265093306,14000US12031016804,543
173,1277,12,031,016805,12031016805,168.05,Census Tract 168.05,G5020,S,10079620,113073,+30.1552354,-081.5738755,0.14843674823169,0.000954452049239,14000US12031016805,468
174,1278,12,031,016806,12031016806,168.06,Census Tract 168.06,G5020,S,22349451,605436,+30.1267195,-081.5602172,0.262496504704919,0.002148894041431,14000US12031016806,1241
